model,accuracy,balanced_accuracy,precision,recall,f1,roc_auc,average_precision,runtime_seconds,dataset,protocol,landmark_percent,snapshot_variant,train_snapshots_per_class,test_snapshots_per_class,feature_space
logistic,1.0,1.0,1.0,1.0,1.0,1.0,1.0,0.0227048397064209,pkdd_czech,historical,10.0,revised,11,5,barcode
random_forest,1.0,1.0,1.0,1.0,1.0,1.0,1.0,0.6305136680603027,pkdd_czech,historical,10.0,revised,11,5,barcode
svm,1.0,1.0,1.0,1.0,1.0,1.0,1.0,0.0226438045501709,pkdd_czech,historical,10.0,revised,11,5,barcode
knn,1.0,1.0,1.0,1.0,1.0,1.0,1.0,0.2882709503173828,pkdd_czech,historical,10.0,revised,11,5,barcode
xgb,0.8,0.8333333333333333,0.6666666666666666,1.0,0.8,1.0,1.0,0.3678441047668457,pkdd_czech,historical,10.0,revised,11,5,barcode
logistic,1.0,1.0,1.0,1.0,1.0,1.0,1.0,0.0273206233978271,pkdd_czech,historical,20.0,revised,6,5,barcode
random_forest,1.0,1.0,1.0,1.0,1.0,1.0,1.0,0.5936839580535889,pkdd_czech,historical,20.0,revised,6,5,barcode
svm,1.0,1.0,1.0,1.0,1.0,1.0,1.0,0.0117890834808349,pkdd_czech,historical,20.0,revised,6,5,barcode
knn,1.0,1.0,1.0,1.0,1.0,1.0,1.0,0.0595691204071044,pkdd_czech,historical,20.0,revised,6,5,barcode
xgb,0.6666666666666666,0.5,0.0,0.0,0.0,0.5,0.3333333333333333,0.1550295352935791,pkdd_czech,historical,20.0,revised,6,5,barcode
logistic,0.5,0.5,0.5,1.0,0.6666666666666666,1.0,1.0,0.0322725772857666,pkdd_czech,clean,10.0,revised,11,5,barcode
random_forest,0.5,0.5,0.5,1.0,0.6666666666666666,0.9,0.8333333333333334,0.5356378555297852,pkdd_czech,clean,10.0,revised,11,5,barcode
svm,0.5,0.5,0.5,1.0,0.6666666666666666,0.72,0.6683333333333333,0.0131192207336425,pkdd_czech,clean,10.0,revised,11,5,barcode
knn,0.5,0.5,0.5,1.0,0.6666666666666666,0.5,0.5,0.064054250717163,pkdd_czech,clean,10.0,revised,11,5,barcode
xgb,0.5,0.5,0.5,1.0,0.6666666666666666,0.9,0.8333333333333334,0.1272711753845214,pkdd_czech,clean,10.0,revised,11,5,barcode
logistic,0.5,0.5,0.5,1.0,0.6666666666666666,1.0,1.0,0.0192606449127197,pkdd_czech,clean,20.0,revised,6,5,barcode
random_forest,0.5,0.5,0.5,1.0,0.6666666666666666,1.0,1.0,0.5361418724060059,pkdd_czech,clean,20.0,revised,6,5,barcode
svm,0.7,0.7,0.625,1.0,0.7692307692307693,0.92,0.9266666666666664,0.0120849609375,pkdd_czech,clean,20.0,revised,6,5,barcode
knn,0.8,0.8,0.7142857142857143,1.0,0.8333333333333334,0.8,0.71,0.0515735149383544,pkdd_czech,clean,20.0,revised,6,5,barcode
xgb,0.9,0.9,0.8333333333333334,1.0,0.9090909090909092,1.0,1.0,0.1302604675292968,pkdd_czech,clean,20.0,revised,6,5,barcode
logistic,0.8,0.75,1.0,0.5,0.6666666666666666,0.5,0.7,0.0282647609710693,polish_bankruptcy,historical,10.0,revised,11,11,barcode
random_forest,1.0,1.0,1.0,1.0,1.0,1.0,1.0,0.5453803539276123,polish_bankruptcy,historical,10.0,revised,11,11,barcode
svm,0.8,0.75,1.0,0.5,0.6666666666666666,0.5,0.7,0.0113470554351806,polish_bankruptcy,historical,10.0,revised,11,11,barcode
knn,0.8,0.75,1.0,0.5,0.6666666666666666,0.5,0.7,0.0623819828033447,polish_bankruptcy,historical,10.0,revised,11,11,barcode
xgb,0.8,0.75,1.0,0.5,0.6666666666666666,1.0,1.0,0.1437842845916748,polish_bankruptcy,historical,10.0,revised,11,11,barcode
logistic,1.0,1.0,1.0,1.0,1.0,1.0,1.0,0.0267961025238037,polish_bankruptcy,historical,20.0,revised,6,6,barcode
random_forest,1.0,1.0,1.0,1.0,1.0,1.0,1.0,0.5399327278137207,polish_bankruptcy,historical,20.0,revised,6,6,barcode
svm,1.0,1.0,1.0,1.0,1.0,1.0,1.0,0.0111353397369384,polish_bankruptcy,historical,20.0,revised,6,6,barcode
knn,1.0,1.0,1.0,1.0,1.0,1.0,1.0,0.0606992244720459,polish_bankruptcy,historical,20.0,revised,6,6,barcode
xgb,0.6666666666666666,0.5,0.0,0.0,0.0,0.5,0.3333333333333333,0.1306502819061279,polish_bankruptcy,historical,20.0,revised,6,6,barcode
logistic,0.8636363636363636,0.8636363636363636,0.7857142857142857,1.0,0.88,1.0,1.0,0.0269279479980468,polish_bankruptcy,clean,10.0,revised,11,11,barcode
random_forest,1.0,1.0,1.0,1.0,1.0,1.0,1.0,0.5470068454742432,polish_bankruptcy,clean,10.0,revised,11,11,barcode
svm,0.6363636363636364,0.6363636363636364,0.5789473684210527,1.0,0.7333333333333333,0.8677685950413223,0.9213184476342372,0.0130693912506103,polish_bankruptcy,clean,10.0,revised,11,11,barcode
knn,0.6818181818181818,0.6818181818181819,0.6111111111111112,1.0,0.7586206896551724,0.731404958677686,0.6490800865800866,0.0582993030548095,polish_bankruptcy,clean,10.0,revised,11,11,barcode
xgb,1.0,1.0,1.0,1.0,1.0,1.0,1.0,0.1297028064727783,polish_bankruptcy,clean,10.0,revised,11,11,barcode
logistic,0.6666666666666666,0.6666666666666666,0.6,1.0,0.75,1.0,1.0,0.026888370513916,polish_bankruptcy,clean,20.0,revised,6,6,barcode
random_forest,1.0,1.0,1.0,1.0,1.0,1.0,1.0,0.5289597511291504,polish_bankruptcy,clean,20.0,revised,6,6,barcode
svm,0.8333333333333334,0.8333333333333333,0.75,1.0,0.8571428571428571,1.0,1.0,0.0130565166473388,polish_bankruptcy,clean,20.0,revised,6,6,barcode
knn,0.8333333333333334,0.8333333333333333,0.75,1.0,0.8571428571428571,0.9444444444444444,0.9484126984126984,0.0614330768585205,polish_bankruptcy,clean,20.0,revised,6,6,barcode
xgb,1.0,1.0,1.0,1.0,1.0,1.0,1.0,0.1448447704315185,polish_bankruptcy,clean,20.0,revised,6,6,barcode
logistic,1.0,1.0,1.0,1.0,1.0,1.0,1.0,0.0157034397125244,taiwan_bankruptcy,historical,10.0,revised,11,11,barcode
random_forest,1.0,1.0,1.0,1.0,1.0,1.0,1.0,0.5375456809997559,taiwan_bankruptcy,historical,10.0,revised,11,11,barcode
svm,1.0,1.0,1.0,1.0,1.0,1.0,1.0,0.0115358829498291,taiwan_bankruptcy,historical,10.0,revised,11,11,barcode
knn,1.0,1.0,1.0,1.0,1.0,1.0,1.0,0.0668234825134277,taiwan_bankruptcy,historical,10.0,revised,11,11,barcode
xgb,0.8,0.75,1.0,0.5,0.6666666666666666,1.0,1.0,0.1664762496948242,taiwan_bankruptcy,historical,10.0,revised,11,11,barcode
logistic,1.0,1.0,1.0,1.0,1.0,1.0,1.0,0.0211799144744873,taiwan_bankruptcy,historical,20.0,revised,6,6,barcode
random_forest,1.0,1.0,1.0,1.0,1.0,1.0,1.0,0.6214447021484375,taiwan_bankruptcy,historical,20.0,revised,6,6,barcode
svm,1.0,1.0,1.0,1.0,1.0,1.0,1.0,0.0147230625152587,taiwan_bankruptcy,historical,20.0,revised,6,6,barcode
knn,1.0,1.0,1.0,1.0,1.0,1.0,1.0,0.0607657432556152,taiwan_bankruptcy,historical,20.0,revised,6,6,barcode
xgb,0.6666666666666666,0.5,0.0,0.0,0.0,0.5,0.3333333333333333,0.1308541297912597,taiwan_bankruptcy,historical,20.0,revised,6,6,barcode
logistic,1.0,1.0,1.0,1.0,1.0,1.0,1.0,0.0274004936218261,taiwan_bankruptcy,clean,10.0,revised,11,11,barcode
random_forest,1.0,1.0,1.0,1.0,1.0,1.0,1.0,0.8510794639587402,taiwan_bankruptcy,clean,10.0,revised,11,11,barcode
svm,1.0,1.0,1.0,1.0,1.0,1.0,1.0,0.019233226776123,taiwan_bankruptcy,clean,10.0,revised,11,11,barcode
knn,1.0,1.0,1.0,1.0,1.0,1.0,1.0,0.0697238445281982,taiwan_bankruptcy,clean,10.0,revised,11,11,barcode
xgb,0.9545454545454546,0.9545454545454546,1.0,0.9090909090909092,0.9523809523809524,0.9917355371900828,0.9924242424242424,0.2005119323730468,taiwan_bankruptcy,clean,10.0,revised,11,11,barcode
logistic,1.0,1.0,1.0,1.0,1.0,1.0,1.0,0.0219359397888183,taiwan_bankruptcy,clean,20.0,revised,6,6,barcode
random_forest,1.0,1.0,1.0,1.0,1.0,1.0,1.0,0.5291721820831299,taiwan_bankruptcy,clean,20.0,revised,6,6,barcode
svm,1.0,1.0,1.0,1.0,1.0,1.0,1.0,0.0125997066497802,taiwan_bankruptcy,clean,20.0,revised,6,6,barcode
knn,1.0,1.0,1.0,1.0,1.0,1.0,1.0,0.0663979053497314,taiwan_bankruptcy,clean,20.0,revised,6,6,barcode
xgb,1.0,1.0,1.0,1.0,1.0,1.0,1.0,0.1543805599212646,taiwan_bankruptcy,clean,20.0,revised,6,6,barcode
logistic,1.0,1.0,1.0,1.0,1.0,1.0,1.0,0.0307214260101318,south_german_credit,historical,10.0,revised,10,10,barcode
random_forest,1.0,1.0,1.0,1.0,1.0,1.0,1.0,0.559960126876831,south_german_credit,historical,10.0,revised,10,10,barcode
svm,1.0,1.0,1.0,1.0,1.0,0.0,0.4166666666666666,0.0122082233428955,south_german_credit,historical,10.0,revised,10,10,barcode
knn,1.0,1.0,1.0,1.0,1.0,1.0,1.0,0.0573534965515136,south_german_credit,historical,10.0,revised,10,10,barcode
xgb,1.0,1.0,1.0,1.0,1.0,1.0,1.0,0.1390628814697265,south_german_credit,historical,10.0,revised,10,10,barcode
logistic,1.0,1.0,1.0,1.0,1.0,1.0,1.0,0.0334231853485107,south_german_credit,historical,20.0,revised,5,5,barcode
random_forest,1.0,1.0,1.0,1.0,1.0,1.0,1.0,0.5643949508666992,south_german_credit,historical,20.0,revised,5,5,barcode
svm,1.0,1.0,1.0,1.0,1.0,0.0,0.5,0.0117359161376953,south_german_credit,historical,20.0,revised,5,5,barcode
knn,0.5,0.5,0.0,0.0,0.0,1.0,1.0,0.0628490447998046,south_german_credit,historical,20.0,revised,5,5,barcode
xgb,0.5,0.5,0.0,0.0,0.0,0.5,0.5,0.1417920589447021,south_german_credit,historical,20.0,revised,5,5,barcode
logistic,0.2,0.2,0.2857142857142857,0.4,0.3333333333333333,0.4,0.6538226694186446,0.0227985382080078,south_german_credit,clean,10.0,revised,10,10,barcode
random_forest,0.5,0.5,0.5,1.0,0.6666666666666666,0.595,0.7368055555555555,0.5955657958984375,south_german_credit,clean,10.0,revised,10,10,barcode
svm,0.5,0.5,0.5,1.0,0.6666666666666666,0.4,0.6538226694186446,0.0151267051696777,south_german_credit,clean,10.0,revised,10,10,barcode
knn,0.5,0.5,0.5,1.0,0.6666666666666666,0.2,0.3681083837043589,0.0750901699066162,south_german_credit,clean,10.0,revised,10,10,barcode
xgb,0.5,0.5,0.5,1.0,0.6666666666666666,0.44,0.6357894736842106,0.2553014755249023,south_german_credit,clean,10.0,revised,10,10,barcode
logistic,0.5,0.5,0.5,1.0,0.6666666666666666,1.0,1.0,0.0334687232971191,south_german_credit,clean,20.0,revised,5,5,barcode
random_forest,0.5,0.5,0.5,1.0,0.6666666666666666,0.7000000000000001,0.7116666666666667,0.6231062412261963,south_german_credit,clean,20.0,revised,5,5,barcode
svm,0.5,0.5,0.5,1.0,0.6666666666666666,0.0,0.3543650793650793,0.0132756233215332,south_german_credit,clean,20.0,revised,5,5,barcode
knn,0.5,0.5,0.5,1.0,0.6666666666666666,0.64,0.7392857142857143,0.0612893104553222,south_german_credit,clean,20.0,revised,5,5,barcode
xgb,0.5,0.5,0.5,1.0,0.6666666666666666,0.7,0.7,0.1477618217468261,south_german_credit,clean,20.0,revised,5,5,barcode
logistic,0.995,0.995,1.0,0.99,0.9949748743718592,1.0,1.0,0.0251197814941406,pkdd_czech,historical,10.0,historical500,400,100,barcode
random_forest,0.995,0.995,1.0,0.99,0.9949748743718592,1.0,1.0,0.6770274639129639,pkdd_czech,historical,10.0,historical500,400,100,barcode
svm,0.98,0.98,1.0,0.96,0.979591836734694,1.0,1.0,0.0285894870758056,pkdd_czech,historical,10.0,historical500,400,100,barcode
knn,0.995,0.995,1.0,0.99,0.9949748743718592,1.0,1.0,0.2129874229431152,pkdd_czech,historical,10.0,historical500,400,100,barcode
xgb,1.0,1.0,1.0,1.0,1.0,1.0,1.0,0.4580960273742676,pkdd_czech,historical,10.0,historical500,400,100,barcode
logistic,1.0,1.0,1.0,1.0,1.0,1.0,1.0,0.0203998088836669,pkdd_czech,historical,20.0,historical500,400,100,barcode
random_forest,1.0,1.0,1.0,1.0,1.0,1.0,1.0,0.6530101299285889,pkdd_czech,historical,20.0,historical500,400,100,barcode
svm,1.0,1.0,1.0,1.0,1.0,1.0,1.0,0.0221154689788818,pkdd_czech,historical,20.0,historical500,400,100,barcode
knn,1.0,1.0,1.0,1.0,1.0,1.0,1.0,0.06817626953125,pkdd_czech,historical,20.0,historical500,400,100,barcode
xgb,1.0,1.0,1.0,1.0,1.0,1.0,1.0,0.1675853729248047,pkdd_czech,historical,20.0,historical500,400,100,barcode
logistic,0.555,0.555,0.5291005291005291,1.0,0.6920415224913494,0.9848,0.9880309851502472,0.0544500350952148,pkdd_czech,clean,10.0,historical500,500,500,barcode
random_forest,0.533,0.533,0.5170630816959669,1.0,0.6816632583503749,0.62073,0.5719116719803763,0.819652795791626,pkdd_czech,clean,10.0,historical500,500,500,barcode
svm,0.552,0.552,0.5274261603375527,1.0,0.6906077348066298,0.426744,0.4541068404211489,0.049739122390747,pkdd_czech,clean,10.0,historical500,500,500,barcode
knn,0.552,0.552,0.5274261603375527,1.0,0.6906077348066298,0.593804,0.551987474206867,0.1609199047088623,pkdd_czech,clean,10.0,historical500,500,500,barcode
xgb,0.544,0.544,0.5230125523012552,1.0,0.6868131868131868,0.8077960000000001,0.7491782822611099,0.3486514091491699,pkdd_czech,clean,10.0,historical500,500,500,barcode
logistic,0.523,0.523,0.5117707267144319,1.0,0.6770480704129993,0.994544,0.9954668651100202,0.0217549800872802,pkdd_czech,clean,20.0,historical500,500,500,barcode
random_forest,0.562,0.562,0.5330490405117271,1.0,0.6954102920723226,0.644464,0.5846807580787494,0.7126028537750244,pkdd_czech,clean,20.0,historical500,500,500,barcode
svm,0.534,0.534,0.5175983436853002,1.0,0.6821282401091405,0.39192,0.4034317014709866,0.04718017578125,pkdd_czech,clean,20.0,historical500,500,500,barcode
knn,0.534,0.534,0.5175983436853002,1.0,0.6821282401091405,0.5609999999999999,0.5324813631522897,0.1353201866149902,pkdd_czech,clean,20.0,historical500,500,500,barcode
xgb,0.546,0.546,0.5241090146750524,1.0,0.687757909215956,0.75508,0.6741413959994312,0.2534732818603515,pkdd_czech,clean,20.0,historical500,500,500,barcode
logistic,0.98,0.98,0.98,0.98,0.98,0.9985,0.998601549475336,0.0681397914886474,south_german_credit,historical,10.0,historical500,400,100,barcode
random_forest,0.96,0.96,0.9693877551020408,0.95,0.9595959595959596,0.9966,0.9967902155099646,0.7135326862335205,south_german_credit,historical,10.0,historical500,400,100,barcode
svm,0.965,0.965,0.9696969696969696,0.96,0.964824120603015,0.995,0.9956395540461414,0.1218180656433105,south_german_credit,historical,10.0,historical500,400,100,barcode
knn,0.955,0.955,0.9789473684210528,0.93,0.953846153846154,0.9964,0.9964804734024586,0.0738947391510009,south_german_credit,historical,10.0,historical500,400,100,barcode
xgb,0.965,0.965,0.9696969696969696,0.96,0.964824120603015,0.998,0.9980285714344528,0.4069805145263672,south_german_credit,historical,10.0,historical500,400,100,barcode
logistic,1.0,1.0,1.0,1.0,1.0,1.0,1.0,0.0508668422698974,south_german_credit,historical,20.0,historical500,400,100,barcode
random_forest,0.99,0.99,0.99,0.99,0.99,0.9997,0.999699979998,0.7181005477905273,south_german_credit,historical,20.0,historical500,400,100,barcode
svm,0.98,0.98,1.0,0.96,0.979591836734694,0.9994,0.9994097079610872,0.1067867279052734,south_german_credit,historical,20.0,historical500,400,100,barcode
knn,0.98,0.98,1.0,0.96,0.979591836734694,0.9998,0.9998039215686274,0.0704157352447509,south_german_credit,historical,20.0,historical500,400,100,barcode
xgb,0.995,0.995,0.99009900990099,1.0,0.9950248756218906,0.9999,0.99990099009901,0.3812274932861328,south_german_credit,historical,20.0,historical500,400,100,barcode
logistic,0.462,0.462,0.4793926247288503,0.884,0.6216596343178622,0.4581479999999999,0.5727507376075698,0.1236908435821533,south_german_credit,clean,10.0,historical500,500,500,barcode
random_forest,0.5,0.5,0.5,1.0,0.6666666666666666,0.438362,0.4607325817949336,0.8913073539733887,south_german_credit,clean,10.0,historical500,500,500,barcode
svm,0.504,0.504,0.5020120724346077,0.998,0.6680053547523427,0.374776,0.535679150383849,0.2545156478881836,south_german_credit,clean,10.0,historical500,500,500,barcode
knn,0.481,0.481,0.4900314795383001,0.934,0.64280798348245,0.279044,0.3858629497613199,0.1413862705230713,south_german_credit,clean,10.0,historical500,500,500,barcode
xgb,0.5,0.5,0.5,1.0,0.6666666666666666,0.5869639999999999,0.5651446174445258,0.5629072189331055,south_german_credit,clean,10.0,historical500,500,500,barcode
logistic,0.473,0.473,0.4857444561774023,0.92,0.635798203178991,0.817884,0.8777858659010914,0.0721025466918945,south_german_credit,clean,20.0,historical500,500,500,barcode
random_forest,0.501,0.501,0.5005005005005005,1.0,0.66711140760507,0.606276,0.5671984082605181,0.7756972312927246,south_german_credit,clean,20.0,historical500,500,500,barcode
svm,0.479,0.479,0.4890965732087227,0.942,0.6438824333561176,0.837804,0.864564020323858,0.2315537929534912,south_german_credit,clean,20.0,historical500,500,500,barcode
knn,0.466,0.466,0.4822916666666667,0.926,0.6342465753424658,0.46758,0.4838693734409481,0.1415998935699463,south_german_credit,clean,20.0,historical500,500,500,barcode
xgb,0.504,0.504,0.5020120724346077,0.998,0.6680053547523427,0.6863020000000001,0.6574462955239981,0.3877134323120117,south_german_credit,clean,20.0,historical500,500,500,barcode
logistic,1.0,1.0,1.0,1.0,1.0,1.0,1.0,0.053716421127319336,polish_bankruptcy,historical,10.0,historical500,400,100,barcode
random_forest,1.0,1.0,1.0,1.0,1.0,1.0,1.0,1.1123850345611572,polish_bankruptcy,historical,10.0,historical500,400,100,barcode
svm,1.0,1.0,1.0,1.0,1.0,1.0,1.0,0.08801531791687012,polish_bankruptcy,historical,10.0,historical500,400,100,barcode
knn,1.0,1.0,1.0,1.0,1.0,1.0,1.0,0.4388246536254883,polish_bankruptcy,historical,10.0,historical500,400,100,barcode
xgb,1.0,1.0,1.0,1.0,1.0,1.0,1.0,0.6817419528961182,polish_bankruptcy,historical,10.0,historical500,400,100,barcode
logistic,1.0,1.0,1.0,1.0,1.0,1.0,1.0,0.03714489936828613,polish_bankruptcy,historical,20.0,historical500,400,100,barcode
random_forest,1.0,1.0,1.0,1.0,1.0,1.0,1.0,0.7700614929199219,polish_bankruptcy,historical,20.0,historical500,400,100,barcode
svm,0.985,0.985,0.9801980198019802,0.99,0.9850746268656716,0.9985,0.9985805987234007,0.061058759689331055,polish_bankruptcy,historical,20.0,historical500,400,100,barcode
knn,0.985,0.985,0.9801980198019802,0.99,0.9850746268656716,0.9949,0.995,0.06875967979431152,polish_bankruptcy,historical,20.0,historical500,400,100,barcode
xgb,1.0,1.0,1.0,1.0,1.0,1.0,1.0,0.1443347930908203,polish_bankruptcy,historical,20.0,historical500,400,100,barcode
logistic,0.927,0.927,0.8726003490401396,1.0,0.9319664492078286,1.0,1.0,0.03127002716064453,polish_bankruptcy,clean,10.0,historical500,500,500,barcode
random_forest,0.98,0.98,0.9615384615384616,1.0,0.9803921568627451,0.9956600000000001,0.9952641467233958,0.7672579288482666,polish_bankruptcy,clean,10.0,historical500,500,500,barcode
svm,0.794,0.794,0.7082152974504249,1.0,0.8291873963515755,1.0,1.0,0.2061769962310791,polish_bankruptcy,clean,10.0,historical500,500,500,barcode
knn,0.895,0.895,0.8264462809917356,1.0,0.9049773755656109,0.948,0.9057971014492754,0.132415771484375,polish_bankruptcy,clean,10.0,historical500,500,500,barcode
xgb,1.0,1.0,1.0,1.0,1.0,1.0,1.0,0.17142939567565918,polish_bankruptcy,clean,10.0,historical500,500,500,barcode
logistic,0.938,0.938,0.8896797153024911,1.0,0.9416195856873822,1.0,1.0,0.0359194278717041,polish_bankruptcy,clean,20.0,historical500,500,500,barcode
random_forest,0.983,0.983,0.9782178217821782,0.988,0.9830845771144279,0.999136,0.9991328769389962,0.7465150356292725,polish_bankruptcy,clean,20.0,historical500,500,500,barcode
svm,0.628,0.628,0.573394495412844,1.0,0.7288629737609329,0.99942,0.9993918552113867,0.15045428276062012,polish_bankruptcy,clean,20.0,historical500,500,500,barcode
knn,0.928,0.9279999999999999,0.8741258741258742,1.0,0.9328358208955224,0.9329999999999999,0.8818342151675485,0.13021159172058105,polish_bankruptcy,clean,20.0,historical500,500,500,barcode
xgb,1.0,1.0,1.0,1.0,1.0,1.0,1.0,0.17995071411132812,polish_bankruptcy,clean,20.0,historical500,500,500,barcode
logistic,1.0,1.0,1.0,1.0,1.0,1.0,1.0,0.016298770904541016,taiwan_bankruptcy,historical,10.0,historical500,400,100,barcode
random_forest,1.0,1.0,1.0,1.0,1.0,1.0,1.0,0.7230288982391357,taiwan_bankruptcy,historical,10.0,historical500,400,100,barcode
svm,1.0,1.0,1.0,1.0,1.0,1.0,1.0,0.019931554794311523,taiwan_bankruptcy,historical,10.0,historical500,400,100,barcode
knn,1.0,1.0,1.0,1.0,1.0,1.0,1.0,0.06522035598754883,taiwan_bankruptcy,historical,10.0,historical500,400,100,barcode
xgb,1.0,1.0,1.0,1.0,1.0,1.0,1.0,0.1368885040283203,taiwan_bankruptcy,historical,10.0,historical500,400,100,barcode
logistic,1.0,1.0,1.0,1.0,1.0,1.0,1.0,0.017608165740966797,taiwan_bankruptcy,historical,20.0,historical500,400,100,barcode
random_forest,1.0,1.0,1.0,1.0,1.0,1.0,1.0,0.7189788818359375,taiwan_bankruptcy,historical,20.0,historical500,400,100,barcode
svm,1.0,1.0,1.0,1.0,1.0,1.0,1.0,0.022802114486694336,taiwan_bankruptcy,historical,20.0,historical500,400,100,barcode
knn,1.0,1.0,1.0,1.0,1.0,1.0,1.0,0.06029152870178223,taiwan_bankruptcy,historical,20.0,historical500,400,100,barcode
xgb,1.0,1.0,1.0,1.0,1.0,1.0,1.0,0.13968348503112793,taiwan_bankruptcy,historical,20.0,historical500,400,100,barcode
logistic,0.937,0.937,0.8880994671403197,1.0,0.940733772342427,1.0,1.0,0.018117189407348633,taiwan_bankruptcy,clean,10.0,historical500,500,500,barcode
random_forest,0.879,0.879,0.8051529790660226,1.0,0.8920606601248885,0.999378,0.9994389333536848,0.757784366607666,taiwan_bankruptcy,clean,10.0,historical500,500,500,barcode
svm,0.978,0.978,0.9578544061302682,1.0,0.9784735812133072,1.0,1.0,0.03487539291381836,taiwan_bankruptcy,clean,10.0,historical500,500,500,barcode
knn,0.988,0.988,0.9765625,1.0,0.9881422924901185,0.999,0.998003992015968,0.12315177917480469,taiwan_bankruptcy,clean,10.0,historical500,500,500,barcode
xgb,0.976,0.976,0.9630350194552529,0.99,0.9763313609467456,0.99464,0.990667250143946,0.1553492546081543,taiwan_bankruptcy,clean,10.0,historical500,500,500,barcode
logistic,0.977,0.977,0.9577735124760077,0.998,0.9774730656219393,0.999652,0.999660270817233,0.01771259307861328,taiwan_bankruptcy,clean,20.0,historical500,500,500,barcode
random_forest,1.0,1.0,1.0,1.0,1.0,1.0,1.0,0.736443042755127,taiwan_bankruptcy,clean,20.0,historical500,500,500,barcode
svm,0.995,0.995,0.9940119760479041,0.996,0.995004995004995,0.999896,0.9998958569630805,0.024302959442138672,taiwan_bankruptcy,clean,20.0,historical500,500,500,barcode
knn,0.99,0.99,0.9803921568627451,1.0,0.9900990099009901,0.9989999999999999,0.998003992015968,0.11436629295349121,taiwan_bankruptcy,clean,20.0,historical500,500,500,barcode
xgb,0.991,0.991,1.0,0.982,0.9909182643794148,0.998,0.998,0.14589357376098633,taiwan_bankruptcy,clean,20.0,historical500,500,500,barcode
