experiment,title,dataset,sampling_or_split,model,cv_mean,cv_std,holdout_accuracy,holdout_f1,holdout_minus_cv_mean
12_Equivalent_Sample_Size_For_Each_Dataset,Experiment 12 — Equivalent sample size (DCCCD),Default_Of_Credit_Card_Client_Data,data_L1.36.csv,svm,0.8712500000000001,0.03356430395524388,0.855,0.8571428571428571,-0.016250000000000098
12_Equivalent_Sample_Size_For_Each_Dataset,Experiment 12 — Equivalent sample size (DCCCD),Default_Of_Credit_Card_Client_Data,data_L1.36.csv,knn,0.8787499999999999,0.038749999999999986,0.86,0.8585858585858586,-0.018749999999999933
12_Equivalent_Sample_Size_For_Each_Dataset,Experiment 12 — Equivalent sample size (DCCCD),Default_Of_Credit_Card_Client_Data,data_L1.36.csv,xgb,0.88375,0.037520827549509084,0.855,0.8571428571428571,-0.028750000000000053
12_Equivalent_Sample_Size_For_Each_Dataset,Experiment 12 — Equivalent sample size (DCCCD),Default_Of_Credit_Card_Client_Data,data_L1.36.csv,logistic,0.8625,0.036657195746537946,0.86,0.86,-0.0025000000000000577
12_Equivalent_Sample_Size_For_Each_Dataset,Experiment 12 — Equivalent sample size (DCCCD),Default_Of_Credit_Card_Client_Data,data_L1.36.csv,random_forest,0.89125,0.03954823004889095,0.865,0.8656716417910447,-0.026249999999999996
12_Equivalent_Sample_Size_For_Each_Dataset,Experiment 12 — Equivalent sample size (DCCCD),Default_Of_Credit_Card_Client_Data,data_L2.71.csv,svm,0.93125,0.019565594803123167,0.95,0.9489795918367347,0.018749999999999933
12_Equivalent_Sample_Size_For_Each_Dataset,Experiment 12 — Equivalent sample size (DCCCD),Default_Of_Credit_Card_Client_Data,data_L2.71.csv,knn,0.95,0.014790199457749034,0.955,0.9543147208121827,0.0050000000000000044
12_Equivalent_Sample_Size_For_Each_Dataset,Experiment 12 — Equivalent sample size (DCCCD),Default_Of_Credit_Card_Client_Data,data_L2.71.csv,xgb,0.95375,0.017721808598447263,0.94,0.9387755102040817,-0.01375000000000004
12_Equivalent_Sample_Size_For_Each_Dataset,Experiment 12 — Equivalent sample size (DCCCD),Default_Of_Credit_Card_Client_Data,data_L2.71.csv,logistic,0.9200000000000002,0.02633913438213185,0.95,0.9489795918367347,0.029999999999999805
12_Equivalent_Sample_Size_For_Each_Dataset,Experiment 12 — Equivalent sample size (DCCCD),Default_Of_Credit_Card_Client_Data,data_L2.71.csv,random_forest,0.9574999999999999,0.015000000000000015,0.945,0.9435897435897436,-0.012499999999999956
13_Similar_Variance_Retained_After_PCA,Experiment 13 — Matched PCA variance (DCCCD),Default_Of_Credit_Card_Client_Data,data_L5.csv,svm,0.98375,0.01375,1.0,1.0,0.016249999999999987
13_Similar_Variance_Retained_After_PCA,Experiment 13 — Matched PCA variance (DCCCD),Default_Of_Credit_Card_Client_Data,data_L5.csv,knn,0.9925,0.008291561975888494,1.0,1.0,0.007499999999999951
13_Similar_Variance_Retained_After_PCA,Experiment 13 — Matched PCA variance (DCCCD),Default_Of_Credit_Card_Client_Data,data_L5.csv,xgb,0.9962500000000001,0.00572821961869478,0.995,0.9949748743718593,-0.0012500000000000844
13_Similar_Variance_Retained_After_PCA,Experiment 13 — Matched PCA variance (DCCCD),Default_Of_Credit_Card_Client_Data,data_L5.csv,logistic,0.9775,0.015612494995996007,1.0,1.0,0.022499999999999964
13_Similar_Variance_Retained_After_PCA,Experiment 13 — Matched PCA variance (DCCCD),Default_Of_Credit_Card_Client_Data,data_L5.csv,random_forest,0.9974999999999999,0.004999999999999982,0.995,0.9949748743718593,-0.0024999999999999467
13_Similar_Variance_Retained_After_PCA,Experiment 13 — Matched PCA variance (DCCCD),Default_Of_Credit_Card_Client_Data,data_L15.csv,svm,0.99375,0.006249999999999978,1.0,1.0,0.006249999999999978
13_Similar_Variance_Retained_After_PCA,Experiment 13 — Matched PCA variance (DCCCD),Default_Of_Credit_Card_Client_Data,data_L15.csv,knn,0.9974999999999999,0.004999999999999982,1.0,1.0,0.0025000000000000577
13_Similar_Variance_Retained_After_PCA,Experiment 13 — Matched PCA variance (DCCCD),Default_Of_Credit_Card_Client_Data,data_L15.csv,xgb,0.99875,0.0037499999999999873,1.0,1.0,0.0012499999999999734
13_Similar_Variance_Retained_After_PCA,Experiment 13 — Matched PCA variance (DCCCD),Default_Of_Credit_Card_Client_Data,data_L15.csv,logistic,0.98375,0.012562344526401118,1.0,1.0,0.016249999999999987
13_Similar_Variance_Retained_After_PCA,Experiment 13 — Matched PCA variance (DCCCD),Default_Of_Credit_Card_Client_Data,data_L15.csv,random_forest,1.0,0.0,1.0,1.0,0.0
14_Mixed_Classes_Training_With_Imbalanced_Datasets,Experiment 14 — Imbalanced landmark file counts,Default_Of_Credit_Card_Client_Data,data_L5.csv,svm,0.8,0.0,1.0,1.0,0.19999999999999996
14_Mixed_Classes_Training_With_Imbalanced_Datasets,Experiment 14 — Imbalanced landmark file counts,Default_Of_Credit_Card_Client_Data,data_L5.csv,knn,0.9787500000000001,0.012562344526401118,0.99,0.9743589743589743,0.011249999999999871
14_Mixed_Classes_Training_With_Imbalanced_Datasets,Experiment 14 — Imbalanced landmark file counts,Default_Of_Credit_Card_Client_Data,data_L5.csv,xgb,0.9937500000000001,0.006249999999999978,1.0,1.0,0.006249999999999867
14_Mixed_Classes_Training_With_Imbalanced_Datasets,Experiment 14 — Imbalanced landmark file counts,Default_Of_Credit_Card_Client_Data,data_L5.csv,logistic,0.8,0.0,0.995,0.9873417721518988,0.19499999999999995
14_Mixed_Classes_Training_With_Imbalanced_Datasets,Experiment 14 — Imbalanced landmark file counts,Default_Of_Credit_Card_Client_Data,data_L5.csv,random_forest,0.9912500000000002,0.008003905296791056,1.0,1.0,0.008749999999999813
14_Mixed_Classes_Training_With_Imbalanced_Datasets,Experiment 14 — Imbalanced landmark file counts,Default_Of_Credit_Card_Client_Data,data_L15.csv,svm,0.8,0.0,1.0,1.0,0.19999999999999996
14_Mixed_Classes_Training_With_Imbalanced_Datasets,Experiment 14 — Imbalanced landmark file counts,Default_Of_Credit_Card_Client_Data,data_L15.csv,knn,0.9925,0.008291561975888493,1.0,1.0,0.007499999999999951
14_Mixed_Classes_Training_With_Imbalanced_Datasets,Experiment 14 — Imbalanced landmark file counts,Default_Of_Credit_Card_Client_Data,data_L15.csv,xgb,1.0,0.0,1.0,1.0,0.0
14_Mixed_Classes_Training_With_Imbalanced_Datasets,Experiment 14 — Imbalanced landmark file counts,Default_Of_Credit_Card_Client_Data,data_L15.csv,logistic,0.8,0.0,1.0,1.0,0.19999999999999996
14_Mixed_Classes_Training_With_Imbalanced_Datasets,Experiment 14 — Imbalanced landmark file counts,Default_Of_Credit_Card_Client_Data,data_L15.csv,random_forest,1.0,0.0,1.0,1.0,0.0
14_Mixed_Classes_Training_With_Imbalanced_Datasets,Experiment 14 — Imbalanced landmark file counts,Statlog_German_Credit_Data,data_L30.csv,svm,0.8,0.0,0.81,0.24,0.010000000000000009
14_Mixed_Classes_Training_With_Imbalanced_Datasets,Experiment 14 — Imbalanced landmark file counts,Statlog_German_Credit_Data,data_L30.csv,knn,0.8075000000000001,0.04479118216792229,0.775,0.3283582089552239,-0.032500000000000084
14_Mixed_Classes_Training_With_Imbalanced_Datasets,Experiment 14 — Imbalanced landmark file counts,Statlog_German_Credit_Data,data_L30.csv,xgb,0.80625,0.03223449239556906,0.79,0.34375,-0.016249999999999987
14_Mixed_Classes_Training_With_Imbalanced_Datasets,Experiment 14 — Imbalanced landmark file counts,Statlog_German_Credit_Data,data_L30.csv,logistic,0.80625,0.010077822185373172,0.82,0.3333333333333333,0.013749999999999929
14_Mixed_Classes_Training_With_Imbalanced_Datasets,Experiment 14 — Imbalanced landmark file counts,Statlog_German_Credit_Data,data_L30.csv,random_forest,0.8175000000000001,0.030720514318611267,0.815,0.3018867924528302,-0.0025000000000001688
14_Mixed_Classes_Training_With_Imbalanced_Datasets,Experiment 14 — Imbalanced landmark file counts,Statlog_German_Credit_Data,data_L60.csv,svm,0.8,0.0,0.85,0.5588235294117647,0.04999999999999993
14_Mixed_Classes_Training_With_Imbalanced_Datasets,Experiment 14 — Imbalanced landmark file counts,Statlog_German_Credit_Data,data_L60.csv,knn,0.86,0.03391164991562634,0.84,0.5555555555555556,-0.020000000000000018
14_Mixed_Classes_Training_With_Imbalanced_Datasets,Experiment 14 — Imbalanced landmark file counts,Statlog_German_Credit_Data,data_L60.csv,xgb,0.87375,0.033749999999999995,0.86,0.5882352941176471,-0.01375000000000004
14_Mixed_Classes_Training_With_Imbalanced_Datasets,Experiment 14 — Imbalanced landmark file counts,Statlog_German_Credit_Data,data_L60.csv,logistic,0.8074999999999999,0.019525624189766624,0.85,0.5454545454545454,0.04250000000000009
14_Mixed_Classes_Training_With_Imbalanced_Datasets,Experiment 14 — Imbalanced landmark file counts,Statlog_German_Credit_Data,data_L60.csv,random_forest,0.8675,0.038405728739343045,0.845,0.5230769230769231,-0.022500000000000075
19_Linear_Regression_For_Prediction,Experiment 19 — Linear regression on barcodes,Default_Of_Credit_Card_Client_Data,data_L5.csv,linear,0.844999428048428,0.03244951391794949,0.99,0.98989898989899,0.145000571951572
19_Linear_Regression_For_Prediction,Experiment 19 — Linear regression on barcodes,Default_Of_Credit_Card_Client_Data,data_L15.csv,linear,0.9386400739532336,0.009766504641878247,1.0,1.0,0.06135992604676643
19_Linear_Regression_For_Prediction,Experiment 19 — Linear regression on barcodes,Statlog_German_Credit_Data,data_L30.csv,linear,0.15740330996673157,0.05833996944638481,0.695,0.7162790697674418,0.5375966900332684
19_Linear_Regression_For_Prediction,Experiment 19 — Linear regression on barcodes,Statlog_German_Credit_Data,data_L60.csv,linear,0.3078504485738133,0.06688667831699992,0.745,0.7671232876712328,0.4371495514261867
1_ML_Default_Parameters,Experiment 1 — ML Default Parameters (original features),Default_Of_Credit_Card_Client_Data,(tabular train set),svm,0.817328496177631,0.005448720828112962,0.8109461037877523,0.5151904150620453,-0.006382392389878699
1_ML_Default_Parameters,Experiment 1 — ML Default Parameters (original features),Default_Of_Credit_Card_Client_Data,(tabular train set),knn,0.7922991555680352,0.0099281605415762,0.7485399632905055,0.4553668232743043,-0.04375919227752967
1_ML_Default_Parameters,Experiment 1 — ML Default Parameters (original features),Default_Of_Credit_Card_Client_Data,(tabular train set),xgb,0.8127400006193453,0.005528111409844852,0.8134490238611713,0.4676190476190476,0.00070902324182609
1_ML_Default_Parameters,Experiment 1 — ML Default Parameters (original features),Default_Of_Credit_Card_Client_Data,(tabular train set),logistic,0.8096110894804216,0.003766290043876139,0.678124478558318,0.46727423363711684,-0.13148661092210356
1_ML_Default_Parameters,Experiment 1 — ML Default Parameters (original features),Default_Of_Credit_Card_Client_Data,(tabular train set),random_forest,0.8139496026970049,0.007593710411283545,0.8122809944935758,0.48418156808803303,-0.0016686082034290672
1_ML_Default_Parameters,Experiment 1 — ML Default Parameters (original features),Statlog_German_Credit_Data,(tabular train set),svm,0.7625,0.026220221204253782,0.74,0.59375,-0.022499999999999964
1_ML_Default_Parameters,Experiment 1 — ML Default Parameters (original features),Statlog_German_Credit_Data,(tabular train set),knn,0.7237500000000001,0.027641680484369963,0.68,0.5428571428571428,-0.04375000000000007
1_ML_Default_Parameters,Experiment 1 — ML Default Parameters (original features),Statlog_German_Credit_Data,(tabular train set),xgb,0.74125,0.041476650057592636,0.755,0.5333333333333333,0.01375000000000004
1_ML_Default_Parameters,Experiment 1 — ML Default Parameters (original features),Statlog_German_Credit_Data,(tabular train set),logistic,0.7675,0.02749999999999999,0.745,0.6046511627906976,-0.022499999999999964
1_ML_Default_Parameters,Experiment 1 — ML Default Parameters (original features),Statlog_German_Credit_Data,(tabular train set),random_forest,0.7525000000000001,0.015612494995995985,0.75,0.5283018867924528,-0.0025000000000000577
2_ML_Tuned_Parameters,Experiment 2 — ML Tuned Parameters (original features),Default_Of_Credit_Card_Client_Data,(tabular train set),svm,0.8197063294645133,0.006894613340610795,0.8091106290672451,0.5131914893617021,-0.010595700397268204
2_ML_Tuned_Parameters,Experiment 2 — ML Tuned Parameters (original features),Default_Of_Credit_Card_Client_Data,(tabular train set),knn,0.765059657209822,0.010311912214771445,0.749874853996329,0.4160498636540709,-0.015184803213493026
2_ML_Tuned_Parameters,Experiment 2 — ML Tuned Parameters (original features),Default_Of_Credit_Card_Client_Data,(tabular train set),xgb,0.8163695723351715,0.006782515749722236,0.8159519439345904,0.4719961704164672,-0.00041762840058112705
2_ML_Tuned_Parameters,Experiment 2 — ML Tuned Parameters (original features),Default_Of_Credit_Card_Client_Data,(tabular train set),logistic,0.8096110894804216,0.003766290043876139,0.678124478558318,0.46727423363711684,-0.13148661092210356
2_ML_Tuned_Parameters,Experiment 2 — ML Tuned Parameters (original features),Default_Of_Credit_Card_Client_Data,(tabular train set),random_forest,0.8162024361143674,0.007459362418215442,0.8129484398464876,0.4826949700046147,-0.0032539962678798107
2_ML_Tuned_Parameters,Experiment 2 — ML Tuned Parameters (original features),Statlog_German_Credit_Data,(tabular train set),svm,0.73,0.045825756949558406,0.73,0.5344827586206896,0.0
2_ML_Tuned_Parameters,Experiment 2 — ML Tuned Parameters (original features),Statlog_German_Credit_Data,(tabular train set),knn,0.735,0.029474565306378982,0.71,0.5084745762711864,-0.025000000000000022
2_ML_Tuned_Parameters,Experiment 2 — ML Tuned Parameters (original features),Statlog_German_Credit_Data,(tabular train set),xgb,0.7787499999999999,0.024399026619928918,0.735,0.5309734513274337,-0.043749999999999956
2_ML_Tuned_Parameters,Experiment 2 — ML Tuned Parameters (original features),Statlog_German_Credit_Data,(tabular train set),logistic,0.77625,0.03420983045851003,0.71,0.5671641791044776,-0.06625000000000003
2_ML_Tuned_Parameters,Experiment 2 — ML Tuned Parameters (original features),Statlog_German_Credit_Data,(tabular train set),random_forest,0.76875,0.015051993223490361,0.75,0.5614035087719298,-0.018750000000000044
3_PH_Default_Parameters,"Experiment 3 — PH / barcode features, default ML params",Default_Of_Credit_Card_Client_Data,data_L5.csv,svm,0.95375,0.023082731640774238,0.985,0.9847715736040609,0.03125
3_PH_Default_Parameters,"Experiment 3 — PH / barcode features, default ML params",Default_Of_Credit_Card_Client_Data,data_L5.csv,knn,0.985,0.014577379737113268,0.99,0.98989898989899,0.0050000000000000044
3_PH_Default_Parameters,"Experiment 3 — PH / barcode features, default ML params",Default_Of_Credit_Card_Client_Data,data_L5.csv,xgb,0.99375,0.008385254915624207,0.99,0.98989898989899,-0.003750000000000031
3_PH_Default_Parameters,"Experiment 3 — PH / barcode features, default ML params",Default_Of_Credit_Card_Client_Data,data_L5.csv,logistic,0.9337499999999999,0.025647855660853976,0.985,0.9847715736040609,0.05125000000000013
3_PH_Default_Parameters,"Experiment 3 — PH / barcode features, default ML params",Default_Of_Credit_Card_Client_Data,data_L5.csv,random_forest,0.9925,0.01145643923738959,0.985,0.9847715736040609,-0.007500000000000062
3_PH_Default_Parameters,"Experiment 3 — PH / barcode features, default ML params",Default_Of_Credit_Card_Client_Data,data_L15.csv,svm,0.9800000000000001,0.021794494717703363,1.0,1.0,0.019999999999999907
3_PH_Default_Parameters,"Experiment 3 — PH / barcode features, default ML params",Default_Of_Credit_Card_Client_Data,data_L15.csv,knn,0.9925,0.008291561975888494,1.0,1.0,0.007499999999999951
3_PH_Default_Parameters,"Experiment 3 — PH / barcode features, default ML params",Default_Of_Credit_Card_Client_Data,data_L15.csv,xgb,0.99875,0.0037499999999999873,1.0,1.0,0.0012499999999999734
3_PH_Default_Parameters,"Experiment 3 — PH / barcode features, default ML params",Default_Of_Credit_Card_Client_Data,data_L15.csv,logistic,0.9737500000000001,0.024653853654145016,1.0,1.0,0.026249999999999885
3_PH_Default_Parameters,"Experiment 3 — PH / barcode features, default ML params",Default_Of_Credit_Card_Client_Data,data_L15.csv,random_forest,1.0,0.0,1.0,1.0,0.0
3_PH_Default_Parameters,"Experiment 3 — PH / barcode features, default ML params",Statlog_German_Credit_Data,data_L30.csv,svm,0.70625,0.04480862082233728,0.74,0.7657657657657657,0.03374999999999995
3_PH_Default_Parameters,"Experiment 3 — PH / barcode features, default ML params",Statlog_German_Credit_Data,data_L30.csv,knn,0.6725,0.045345892868042616,0.685,0.7224669603524229,0.012500000000000067
3_PH_Default_Parameters,"Experiment 3 — PH / barcode features, default ML params",Statlog_German_Credit_Data,data_L30.csv,xgb,0.7212500000000001,0.029074258374032533,0.745,0.7627906976744186,0.023749999999999938
3_PH_Default_Parameters,"Experiment 3 — PH / barcode features, default ML params",Statlog_German_Credit_Data,data_L30.csv,logistic,0.71125,0.047909419741842,0.725,0.7368421052631579,0.013749999999999929
3_PH_Default_Parameters,"Experiment 3 — PH / barcode features, default ML params",Statlog_German_Credit_Data,data_L30.csv,random_forest,0.72875,0.027414640249326626,0.71,0.7238095238095238,-0.018750000000000044
3_PH_Default_Parameters,"Experiment 3 — PH / barcode features, default ML params",Statlog_German_Credit_Data,data_L60.csv,svm,0.8099999999999999,0.03482097069296028,0.825,0.8341232227488151,0.015000000000000013
3_PH_Default_Parameters,"Experiment 3 — PH / barcode features, default ML params",Statlog_German_Credit_Data,data_L60.csv,knn,0.82875,0.022395591083961146,0.775,0.7887323943661971,-0.053749999999999964
3_PH_Default_Parameters,"Experiment 3 — PH / barcode features, default ML params",Statlog_German_Credit_Data,data_L60.csv,xgb,0.8612499999999998,0.027641680484369976,0.85,0.8529411764705882,-0.011249999999999871
3_PH_Default_Parameters,"Experiment 3 — PH / barcode features, default ML params",Statlog_German_Credit_Data,data_L60.csv,logistic,0.8087500000000001,0.029606798205817533,0.805,0.8169014084507042,-0.003750000000000031
3_PH_Default_Parameters,"Experiment 3 — PH / barcode features, default ML params",Statlog_German_Credit_Data,data_L60.csv,random_forest,0.8487499999999999,0.014197270864500676,0.81,0.8137254901960784,-0.03874999999999984
4_PH_Tuned_Parameters,"Experiment 4 — PH / barcode features, tuned ML params",Default_Of_Credit_Card_Client_Data,data_L5.csv,svm,0.8862499999999999,0.03328381738923586,0.985,0.9847715736040609,0.09875000000000012
4_PH_Tuned_Parameters,"Experiment 4 — PH / barcode features, tuned ML params",Default_Of_Credit_Card_Client_Data,data_L5.csv,knn,0.9887499999999999,0.013050383136138188,0.985,0.9847715736040609,-0.00374999999999992
4_PH_Tuned_Parameters,"Experiment 4 — PH / barcode features, tuned ML params",Default_Of_Credit_Card_Client_Data,data_L5.csv,xgb,0.9912500000000002,0.01124999999999999,0.99,0.98989898989899,-0.0012500000000001954
4_PH_Tuned_Parameters,"Experiment 4 — PH / barcode features, tuned ML params",Default_Of_Credit_Card_Client_Data,data_L5.csv,logistic,0.975,0.016770509831248427,0.99,0.98989898989899,0.015000000000000013
4_PH_Tuned_Parameters,"Experiment 4 — PH / barcode features, tuned ML params",Default_Of_Credit_Card_Client_Data,data_L5.csv,random_forest,0.9912500000000002,0.01124999999999999,0.99,0.98989898989899,-0.0012500000000001954
4_PH_Tuned_Parameters,"Experiment 4 — PH / barcode features, tuned ML params",Default_Of_Credit_Card_Client_Data,data_L15.csv,svm,0.97,0.025124689052802237,1.0,1.0,0.030000000000000027
4_PH_Tuned_Parameters,"Experiment 4 — PH / barcode features, tuned ML params",Default_Of_Credit_Card_Client_Data,data_L15.csv,knn,0.9962500000000001,0.005728219618694779,1.0,1.0,0.00374999999999992
4_PH_Tuned_Parameters,"Experiment 4 — PH / barcode features, tuned ML params",Default_Of_Credit_Card_Client_Data,data_L15.csv,xgb,0.99875,0.0037499999999999873,1.0,1.0,0.0012499999999999734
4_PH_Tuned_Parameters,"Experiment 4 — PH / barcode features, tuned ML params",Default_Of_Credit_Card_Client_Data,data_L15.csv,logistic,0.9737500000000001,0.024653853654145016,1.0,1.0,0.026249999999999885
4_PH_Tuned_Parameters,"Experiment 4 — PH / barcode features, tuned ML params",Default_Of_Credit_Card_Client_Data,data_L15.csv,random_forest,1.0,0.0,1.0,1.0,0.0
4_PH_Tuned_Parameters,"Experiment 4 — PH / barcode features, tuned ML params",Statlog_German_Credit_Data,data_L30.csv,svm,0.7212500000000001,0.03994136327167614,0.71,0.7456140350877193,-0.011250000000000093
4_PH_Tuned_Parameters,"Experiment 4 — PH / barcode features, tuned ML params",Statlog_German_Credit_Data,data_L30.csv,knn,0.7,0.04330127018922192,0.735,0.7579908675799086,0.03500000000000003
4_PH_Tuned_Parameters,"Experiment 4 — PH / barcode features, tuned ML params",Statlog_German_Credit_Data,data_L30.csv,xgb,0.72875,0.026250000000000013,0.73,0.75,0.0012499999999999734
4_PH_Tuned_Parameters,"Experiment 4 — PH / barcode features, tuned ML params",Statlog_German_Credit_Data,data_L30.csv,logistic,0.7237499999999999,0.029817151104691412,0.72,0.7358490566037735,-0.00374999999999992
4_PH_Tuned_Parameters,"Experiment 4 — PH / barcode features, tuned ML params",Statlog_German_Credit_Data,data_L30.csv,random_forest,0.73125,0.02752839443193156,0.735,0.7511737089201878,0.003750000000000031
4_PH_Tuned_Parameters,"Experiment 4 — PH / barcode features, tuned ML params",Statlog_German_Credit_Data,data_L60.csv,svm,0.8099999999999999,0.03482097069296028,0.825,0.8341232227488151,0.015000000000000013
4_PH_Tuned_Parameters,"Experiment 4 — PH / barcode features, tuned ML params",Statlog_German_Credit_Data,data_L60.csv,knn,0.845,0.023848480035423638,0.815,0.821256038647343,-0.030000000000000027
4_PH_Tuned_Parameters,"Experiment 4 — PH / barcode features, tuned ML params",Statlog_German_Credit_Data,data_L60.csv,xgb,0.8699999999999999,0.017853571071357113,0.84,0.8490566037735849,-0.029999999999999916
4_PH_Tuned_Parameters,"Experiment 4 — PH / barcode features, tuned ML params",Statlog_German_Credit_Data,data_L60.csv,logistic,0.8375,0.02738612787525831,0.785,0.7942583732057417,-0.05249999999999999
4_PH_Tuned_Parameters,"Experiment 4 — PH / barcode features, tuned ML params",Statlog_German_Credit_Data,data_L60.csv,random_forest,0.8625,0.01767766952966367,0.805,0.8078817733990148,-0.057499999999999996
6_Experiment_Impact_of_H0_Only,Experiment 6 — H0-only barcodes,Default_Of_Credit_Card_Client_Data,data_L5.csv,svm,0.975,0.012499999999999999,0.975,0.9746192893401016,0.0
6_Experiment_Impact_of_H0_Only,Experiment 6 — H0-only barcodes,Default_Of_Credit_Card_Client_Data,data_L5.csv,knn,0.9837499999999999,0.014842927608797414,0.98,0.9797979797979798,-0.00374999999999992
6_Experiment_Impact_of_H0_Only,Experiment 6 — H0-only barcodes,Default_Of_Credit_Card_Client_Data,data_L5.csv,xgb,0.9875,0.016770509831248438,0.98,0.9795918367346939,-0.007500000000000062
6_Experiment_Impact_of_H0_Only,Experiment 6 — H0-only barcodes,Default_Of_Credit_Card_Client_Data,data_L5.csv,logistic,0.9737500000000001,0.014197270864500695,0.98,0.9797979797979798,0.006249999999999867
6_Experiment_Impact_of_H0_Only,Experiment 6 — H0-only barcodes,Default_Of_Credit_Card_Client_Data,data_L5.csv,random_forest,0.9862500000000001,0.017184658856084407,0.98,0.9797979797979798,-0.006250000000000089
6_Experiment_Impact_of_H0_Only,Experiment 6 — H0-only barcodes,Default_Of_Credit_Card_Client_Data,data_L15.csv,svm,0.9900000000000002,0.012247448713915886,1.0,1.0,0.009999999999999787
6_Experiment_Impact_of_H0_Only,Experiment 6 — H0-only barcodes,Default_Of_Credit_Card_Client_Data,data_L15.csv,knn,0.99875,0.0037499999999999873,1.0,1.0,0.0012499999999999734
6_Experiment_Impact_of_H0_Only,Experiment 6 — H0-only barcodes,Default_Of_Credit_Card_Client_Data,data_L15.csv,xgb,0.99875,0.0037499999999999873,1.0,1.0,0.0012499999999999734
6_Experiment_Impact_of_H0_Only,Experiment 6 — H0-only barcodes,Default_Of_Credit_Card_Client_Data,data_L15.csv,logistic,0.9900000000000002,0.012247448713915886,1.0,1.0,0.009999999999999787
6_Experiment_Impact_of_H0_Only,Experiment 6 — H0-only barcodes,Default_Of_Credit_Card_Client_Data,data_L15.csv,random_forest,1.0,0.0,1.0,1.0,0.0
6_Experiment_Impact_of_H0_Only,Experiment 6 — H0-only barcodes,Statlog_German_Credit_Data,data_L30.csv,svm,0.67125,0.03625000000000001,0.69,0.7327586206896551,0.018749999999999933
6_Experiment_Impact_of_H0_Only,Experiment 6 — H0-only barcodes,Statlog_German_Credit_Data,data_L30.csv,knn,0.6849999999999999,0.031024184114977132,0.64,0.6504854368932039,-0.04499999999999993
6_Experiment_Impact_of_H0_Only,Experiment 6 — H0-only barcodes,Statlog_German_Credit_Data,data_L30.csv,xgb,0.6799999999999999,0.03999999999999999,0.7,0.7142857142857143,0.020000000000000018
6_Experiment_Impact_of_H0_Only,Experiment 6 — H0-only barcodes,Statlog_German_Credit_Data,data_L30.csv,logistic,0.67125,0.028531780526283315,0.67,0.6915887850467289,-0.0012499999999999734
6_Experiment_Impact_of_H0_Only,Experiment 6 — H0-only barcodes,Statlog_German_Credit_Data,data_L30.csv,random_forest,0.6937500000000001,0.02253469547164994,0.715,0.7420814479638009,0.02124999999999988
6_Experiment_Impact_of_H0_Only,Experiment 6 — H0-only barcodes,Statlog_German_Credit_Data,data_L60.csv,svm,0.69,0.061186191252602086,0.735,0.7557603686635944,0.04500000000000004
6_Experiment_Impact_of_H0_Only,Experiment 6 — H0-only barcodes,Statlog_German_Credit_Data,data_L60.csv,knn,0.79375,0.03223449239556905,0.775,0.7906976744186046,-0.018749999999999933
6_Experiment_Impact_of_H0_Only,Experiment 6 — H0-only barcodes,Statlog_German_Credit_Data,data_L60.csv,xgb,0.8575000000000002,0.04038873605350878,0.86,0.8666666666666667,0.0024999999999998357
6_Experiment_Impact_of_H0_Only,Experiment 6 — H0-only barcodes,Statlog_German_Credit_Data,data_L60.csv,logistic,0.6837500000000001,0.055353974563711314,0.72,0.7333333333333333,0.03624999999999989
6_Experiment_Impact_of_H0_Only,Experiment 6 — H0-only barcodes,Statlog_German_Credit_Data,data_L60.csv,random_forest,0.8099999999999999,0.045689167206242665,0.795,0.8056872037914692,-0.014999999999999902
